data;label;
./semantic_drone_dataset/training_set/images/000.jpg;./semantic_drone_dataset/training_set/gt/semantic/label_images/000.png;
./semantic_drone_dataset/training_set/images/001.jpg;./semantic_drone_dataset/training_set/gt/semantic/label_images/001.png;
./semantic_drone_dataset/training_set/images/002.jpg;./semantic_drone_dataset/training_set/gt/semantic/label_images/002.png;
./semantic_drone_dataset/training_set/images/003.jpg;./semantic_drone_dataset/training_set/gt/semantic/label_images/003.png;
./semantic_drone_dataset/training_set/images/004.jpg;./semantic_drone_dataset/training_set/gt/semantic/label_images/004.png;
./semantic_drone_dataset/training_set/images/005.jpg;./semantic_drone_dataset/training_set/gt/semantic/label_images/005.png;
./semantic_drone_dataset/training_set/images/006.jpg;./semantic_drone_dataset/training_set/gt/semantic/label_images/006.png;
./semantic_drone_dataset/training_set/images/008.jpg;./semantic_drone_dataset/training_set/gt/semantic/label_images/008.png;
./semantic_drone_dataset/training_set/images/011.jpg;./semantic_drone_dataset/training_set/gt/semantic/label_images/011.png;
./semantic_drone_dataset/training_set/images/013.jpg;./semantic_drone_dataset/training_set/gt/semantic/label_images/013.png;
./semantic_drone_dataset/training_set/images/014.jpg;./semantic_drone_dataset/training_set/gt/semantic/label_images/014.png;
./semantic_drone_dataset/training_set/images/015.jpg;./semantic_drone_dataset/training_set/gt/semantic/label_images/015.png;
./semantic_drone_dataset/training_set/images/016.jpg;./semantic_drone_dataset/training_set/gt/semantic/label_images/016.png;
./semantic_drone_dataset/training_set/images/018.jpg;./semantic_drone_dataset/training_set/gt/semantic/label_images/018.png;
./semantic_drone_dataset/training_set/images/019.jpg;./semantic_drone_dataset/training_set/gt/semantic/label_images/019.png;
./semantic_drone_dataset/training_set/images/021.jpg;./semantic_drone_dataset/training_set/gt/semantic/label_images/021.png;
./semantic_drone_dataset/training_set/images/022.jpg;./semantic_drone_dataset/training_set/gt/semantic/label_images/022.png;
./semantic_drone_dataset/training_set/images/023.jpg;./semantic_drone_dataset/training_set/gt/semantic/label_images/023.png;
./semantic_drone_dataset/training_set/images/026.jpg;./semantic_drone_dataset/training_set/gt/semantic/label_images/026.png;
./semantic_drone_dataset/training_set/images/028.jpg;./semantic_drone_dataset/training_set/gt/semantic/label_images/028.png;
./semantic_drone_dataset/training_set/images/031.jpg;./semantic_drone_dataset/training_set/gt/semantic/label_images/031.png;
./semantic_drone_dataset/training_set/images/035.jpg;./semantic_drone_dataset/training_set/gt/semantic/label_images/035.png;
./semantic_drone_dataset/training_set/images/038.jpg;./semantic_drone_dataset/training_set/gt/semantic/label_images/038.png;
./semantic_drone_dataset/training_set/images/040.jpg;./semantic_drone_dataset/training_set/gt/semantic/label_images/040.png;
./semantic_drone_dataset/training_set/images/041.jpg;./semantic_drone_dataset/training_set/gt/semantic/label_images/041.png;
./semantic_drone_dataset/training_set/images/042.jpg;./semantic_drone_dataset/training_set/gt/semantic/label_images/042.png;
./semantic_drone_dataset/training_set/images/043.jpg;./semantic_drone_dataset/training_set/gt/semantic/label_images/043.png;
./semantic_drone_dataset/training_set/images/044.jpg;./semantic_drone_dataset/training_set/gt/semantic/label_images/044.png;
./semantic_drone_dataset/training_set/images/045.jpg;./semantic_drone_dataset/training_set/gt/semantic/label_images/045.png;
./semantic_drone_dataset/training_set/images/047.jpg;./semantic_drone_dataset/training_set/gt/semantic/label_images/047.png;
./semantic_drone_dataset/training_set/images/049.jpg;./semantic_drone_dataset/training_set/gt/semantic/label_images/049.png;
./semantic_drone_dataset/training_set/images/051.jpg;./semantic_drone_dataset/training_set/gt/semantic/label_images/051.png;
./semantic_drone_dataset/training_set/images/052.jpg;./semantic_drone_dataset/training_set/gt/semantic/label_images/052.png;
./semantic_drone_dataset/training_set/images/053.jpg;./semantic_drone_dataset/training_set/gt/semantic/label_images/053.png;
./semantic_drone_dataset/training_set/images/055.jpg;./semantic_drone_dataset/training_set/gt/semantic/label_images/055.png;
./semantic_drone_dataset/training_set/images/056.jpg;./semantic_drone_dataset/training_set/gt/semantic/label_images/056.png;
./semantic_drone_dataset/training_set/images/057.jpg;./semantic_drone_dataset/training_set/gt/semantic/label_images/057.png;
./semantic_drone_dataset/training_set/images/058.jpg;./semantic_drone_dataset/training_set/gt/semantic/label_images/058.png;
./semantic_drone_dataset/training_set/images/059.jpg;./semantic_drone_dataset/training_set/gt/semantic/label_images/059.png;
./semantic_drone_dataset/training_set/images/060.jpg;./semantic_drone_dataset/training_set/gt/semantic/label_images/060.png;
./semantic_drone_dataset/training_set/images/062.jpg;./semantic_drone_dataset/training_set/gt/semantic/label_images/062.png;
./semantic_drone_dataset/training_set/images/063.jpg;./semantic_drone_dataset/training_set/gt/semantic/label_images/063.png;
./semantic_drone_dataset/training_set/images/065.jpg;./semantic_drone_dataset/training_set/gt/semantic/label_images/065.png;
./semantic_drone_dataset/training_set/images/068.jpg;./semantic_drone_dataset/training_set/gt/semantic/label_images/068.png;
./semantic_drone_dataset/training_set/images/070.jpg;./semantic_drone_dataset/training_set/gt/semantic/label_images/070.png;
./semantic_drone_dataset/training_set/images/071.jpg;./semantic_drone_dataset/training_set/gt/semantic/label_images/071.png;
./semantic_drone_dataset/training_set/images/073.jpg;./semantic_drone_dataset/training_set/gt/semantic/label_images/073.png;
./semantic_drone_dataset/training_set/images/074.jpg;./semantic_drone_dataset/training_set/gt/semantic/label_images/074.png;
./semantic_drone_dataset/training_set/images/075.jpg;./semantic_drone_dataset/training_set/gt/semantic/label_images/075.png;
./semantic_drone_dataset/training_set/images/077.jpg;./semantic_drone_dataset/training_set/gt/semantic/label_images/077.png;
./semantic_drone_dataset/training_set/images/078.jpg;./semantic_drone_dataset/training_set/gt/semantic/label_images/078.png;
./semantic_drone_dataset/training_set/images/079.jpg;./semantic_drone_dataset/training_set/gt/semantic/label_images/079.png;
./semantic_drone_dataset/training_set/images/080.jpg;./semantic_drone_dataset/training_set/gt/semantic/label_images/080.png;
./semantic_drone_dataset/training_set/images/081.jpg;./semantic_drone_dataset/training_set/gt/semantic/label_images/081.png;
./semantic_drone_dataset/training_set/images/083.jpg;./semantic_drone_dataset/training_set/gt/semantic/label_images/083.png;
./semantic_drone_dataset/training_set/images/086.jpg;./semantic_drone_dataset/training_set/gt/semantic/label_images/086.png;
./semantic_drone_dataset/training_set/images/088.jpg;./semantic_drone_dataset/training_set/gt/semantic/label_images/088.png;
./semantic_drone_dataset/training_set/images/089.jpg;./semantic_drone_dataset/training_set/gt/semantic/label_images/089.png;
./semantic_drone_dataset/training_set/images/092.jpg;./semantic_drone_dataset/training_set/gt/semantic/label_images/092.png;
./semantic_drone_dataset/training_set/images/095.jpg;./semantic_drone_dataset/training_set/gt/semantic/label_images/095.png;
./semantic_drone_dataset/training_set/images/098.jpg;./semantic_drone_dataset/training_set/gt/semantic/label_images/098.png;
./semantic_drone_dataset/training_set/images/099.jpg;./semantic_drone_dataset/training_set/gt/semantic/label_images/099.png;
./semantic_drone_dataset/training_set/images/100.jpg;./semantic_drone_dataset/training_set/gt/semantic/label_images/100.png;
./semantic_drone_dataset/training_set/images/101.jpg;./semantic_drone_dataset/training_set/gt/semantic/label_images/101.png;
./semantic_drone_dataset/training_set/images/102.jpg;./semantic_drone_dataset/training_set/gt/semantic/label_images/102.png;
./semantic_drone_dataset/training_set/images/103.jpg;./semantic_drone_dataset/training_set/gt/semantic/label_images/103.png;
./semantic_drone_dataset/training_set/images/104.jpg;./semantic_drone_dataset/training_set/gt/semantic/label_images/104.png;
./semantic_drone_dataset/training_set/images/106.jpg;./semantic_drone_dataset/training_set/gt/semantic/label_images/106.png;
./semantic_drone_dataset/training_set/images/107.jpg;./semantic_drone_dataset/training_set/gt/semantic/label_images/107.png;
./semantic_drone_dataset/training_set/images/109.jpg;./semantic_drone_dataset/training_set/gt/semantic/label_images/109.png;
./semantic_drone_dataset/training_set/images/110.jpg;./semantic_drone_dataset/training_set/gt/semantic/label_images/110.png;
./semantic_drone_dataset/training_set/images/111.jpg;./semantic_drone_dataset/training_set/gt/semantic/label_images/111.png;
./semantic_drone_dataset/training_set/images/112.jpg;./semantic_drone_dataset/training_set/gt/semantic/label_images/112.png;
./semantic_drone_dataset/training_set/images/113.jpg;./semantic_drone_dataset/training_set/gt/semantic/label_images/113.png;
./semantic_drone_dataset/training_set/images/116.jpg;./semantic_drone_dataset/training_set/gt/semantic/label_images/116.png;
./semantic_drone_dataset/training_set/images/117.jpg;./semantic_drone_dataset/training_set/gt/semantic/label_images/117.png;
./semantic_drone_dataset/training_set/images/118.jpg;./semantic_drone_dataset/training_set/gt/semantic/label_images/118.png;
./semantic_drone_dataset/training_set/images/119.jpg;./semantic_drone_dataset/training_set/gt/semantic/label_images/119.png;
./semantic_drone_dataset/training_set/images/120.jpg;./semantic_drone_dataset/training_set/gt/semantic/label_images/120.png;
./semantic_drone_dataset/training_set/images/121.jpg;./semantic_drone_dataset/training_set/gt/semantic/label_images/121.png;
./semantic_drone_dataset/training_set/images/122.jpg;./semantic_drone_dataset/training_set/gt/semantic/label_images/122.png;
./semantic_drone_dataset/training_set/images/123.jpg;./semantic_drone_dataset/training_set/gt/semantic/label_images/123.png;
./semantic_drone_dataset/training_set/images/124.jpg;./semantic_drone_dataset/training_set/gt/semantic/label_images/124.png;
./semantic_drone_dataset/training_set/images/126.jpg;./semantic_drone_dataset/training_set/gt/semantic/label_images/126.png;
./semantic_drone_dataset/training_set/images/128.jpg;./semantic_drone_dataset/training_set/gt/semantic/label_images/128.png;
./semantic_drone_dataset/training_set/images/130.jpg;./semantic_drone_dataset/training_set/gt/semantic/label_images/130.png;
./semantic_drone_dataset/training_set/images/133.jpg;./semantic_drone_dataset/training_set/gt/semantic/label_images/133.png;
./semantic_drone_dataset/training_set/images/134.jpg;./semantic_drone_dataset/training_set/gt/semantic/label_images/134.png;
./semantic_drone_dataset/training_set/images/135.jpg;./semantic_drone_dataset/training_set/gt/semantic/label_images/135.png;
./semantic_drone_dataset/training_set/images/136.jpg;./semantic_drone_dataset/training_set/gt/semantic/label_images/136.png;
./semantic_drone_dataset/training_set/images/137.jpg;./semantic_drone_dataset/training_set/gt/semantic/label_images/137.png;
./semantic_drone_dataset/training_set/images/138.jpg;./semantic_drone_dataset/training_set/gt/semantic/label_images/138.png;
./semantic_drone_dataset/training_set/images/139.jpg;./semantic_drone_dataset/training_set/gt/semantic/label_images/139.png;
./semantic_drone_dataset/training_set/images/140.jpg;./semantic_drone_dataset/training_set/gt/semantic/label_images/140.png;
./semantic_drone_dataset/training_set/images/141.jpg;./semantic_drone_dataset/training_set/gt/semantic/label_images/141.png;
./semantic_drone_dataset/training_set/images/145.jpg;./semantic_drone_dataset/training_set/gt/semantic/label_images/145.png;
./semantic_drone_dataset/training_set/images/146.jpg;./semantic_drone_dataset/training_set/gt/semantic/label_images/146.png;
./semantic_drone_dataset/training_set/images/147.jpg;./semantic_drone_dataset/training_set/gt/semantic/label_images/147.png;
./semantic_drone_dataset/training_set/images/148.jpg;./semantic_drone_dataset/training_set/gt/semantic/label_images/148.png;
./semantic_drone_dataset/training_set/images/149.jpg;./semantic_drone_dataset/training_set/gt/semantic/label_images/149.png;
./semantic_drone_dataset/training_set/images/150.jpg;./semantic_drone_dataset/training_set/gt/semantic/label_images/150.png;
./semantic_drone_dataset/training_set/images/153.jpg;./semantic_drone_dataset/training_set/gt/semantic/label_images/153.png;
./semantic_drone_dataset/training_set/images/154.jpg;./semantic_drone_dataset/training_set/gt/semantic/label_images/154.png;
./semantic_drone_dataset/training_set/images/155.jpg;./semantic_drone_dataset/training_set/gt/semantic/label_images/155.png;
./semantic_drone_dataset/training_set/images/156.jpg;./semantic_drone_dataset/training_set/gt/semantic/label_images/156.png;
./semantic_drone_dataset/training_set/images/157.jpg;./semantic_drone_dataset/training_set/gt/semantic/label_images/157.png;
./semantic_drone_dataset/training_set/images/158.jpg;./semantic_drone_dataset/training_set/gt/semantic/label_images/158.png;
./semantic_drone_dataset/training_set/images/159.jpg;./semantic_drone_dataset/training_set/gt/semantic/label_images/159.png;
./semantic_drone_dataset/training_set/images/160.jpg;./semantic_drone_dataset/training_set/gt/semantic/label_images/160.png;
./semantic_drone_dataset/training_set/images/161.jpg;./semantic_drone_dataset/training_set/gt/semantic/label_images/161.png;
./semantic_drone_dataset/training_set/images/162.jpg;./semantic_drone_dataset/training_set/gt/semantic/label_images/162.png;
./semantic_drone_dataset/training_set/images/163.jpg;./semantic_drone_dataset/training_set/gt/semantic/label_images/163.png;
./semantic_drone_dataset/training_set/images/164.jpg;./semantic_drone_dataset/training_set/gt/semantic/label_images/164.png;
./semantic_drone_dataset/training_set/images/165.jpg;./semantic_drone_dataset/training_set/gt/semantic/label_images/165.png;
./semantic_drone_dataset/training_set/images/166.jpg;./semantic_drone_dataset/training_set/gt/semantic/label_images/166.png;
./semantic_drone_dataset/training_set/images/167.jpg;./semantic_drone_dataset/training_set/gt/semantic/label_images/167.png;
./semantic_drone_dataset/training_set/images/170.jpg;./semantic_drone_dataset/training_set/gt/semantic/label_images/170.png;
./semantic_drone_dataset/training_set/images/171.jpg;./semantic_drone_dataset/training_set/gt/semantic/label_images/171.png;
./semantic_drone_dataset/training_set/images/172.jpg;./semantic_drone_dataset/training_set/gt/semantic/label_images/172.png;
./semantic_drone_dataset/training_set/images/173.jpg;./semantic_drone_dataset/training_set/gt/semantic/label_images/173.png;
./semantic_drone_dataset/training_set/images/174.jpg;./semantic_drone_dataset/training_set/gt/semantic/label_images/174.png;
./semantic_drone_dataset/training_set/images/175.jpg;./semantic_drone_dataset/training_set/gt/semantic/label_images/175.png;
./semantic_drone_dataset/training_set/images/176.jpg;./semantic_drone_dataset/training_set/gt/semantic/label_images/176.png;
./semantic_drone_dataset/training_set/images/177.jpg;./semantic_drone_dataset/training_set/gt/semantic/label_images/177.png;
./semantic_drone_dataset/training_set/images/178.jpg;./semantic_drone_dataset/training_set/gt/semantic/label_images/178.png;
./semantic_drone_dataset/training_set/images/179.jpg;./semantic_drone_dataset/training_set/gt/semantic/label_images/179.png;
./semantic_drone_dataset/training_set/images/180.jpg;./semantic_drone_dataset/training_set/gt/semantic/label_images/180.png;
./semantic_drone_dataset/training_set/images/181.jpg;./semantic_drone_dataset/training_set/gt/semantic/label_images/181.png;
./semantic_drone_dataset/training_set/images/182.jpg;./semantic_drone_dataset/training_set/gt/semantic/label_images/182.png;
./semantic_drone_dataset/training_set/images/185.jpg;./semantic_drone_dataset/training_set/gt/semantic/label_images/185.png;
./semantic_drone_dataset/training_set/images/186.jpg;./semantic_drone_dataset/training_set/gt/semantic/label_images/186.png;
./semantic_drone_dataset/training_set/images/188.jpg;./semantic_drone_dataset/training_set/gt/semantic/label_images/188.png;
./semantic_drone_dataset/training_set/images/190.jpg;./semantic_drone_dataset/training_set/gt/semantic/label_images/190.png;
./semantic_drone_dataset/training_set/images/192.jpg;./semantic_drone_dataset/training_set/gt/semantic/label_images/192.png;
./semantic_drone_dataset/training_set/images/193.jpg;./semantic_drone_dataset/training_set/gt/semantic/label_images/193.png;
./semantic_drone_dataset/training_set/images/194.jpg;./semantic_drone_dataset/training_set/gt/semantic/label_images/194.png;
./semantic_drone_dataset/training_set/images/195.jpg;./semantic_drone_dataset/training_set/gt/semantic/label_images/195.png;
./semantic_drone_dataset/training_set/images/198.jpg;./semantic_drone_dataset/training_set/gt/semantic/label_images/198.png;
./semantic_drone_dataset/training_set/images/199.jpg;./semantic_drone_dataset/training_set/gt/semantic/label_images/199.png;
./semantic_drone_dataset/training_set/images/200.jpg;./semantic_drone_dataset/training_set/gt/semantic/label_images/200.png;
./semantic_drone_dataset/training_set/images/202.jpg;./semantic_drone_dataset/training_set/gt/semantic/label_images/202.png;
./semantic_drone_dataset/training_set/images/204.jpg;./semantic_drone_dataset/training_set/gt/semantic/label_images/204.png;
./semantic_drone_dataset/training_set/images/206.jpg;./semantic_drone_dataset/training_set/gt/semantic/label_images/206.png;
./semantic_drone_dataset/training_set/images/207.jpg;./semantic_drone_dataset/training_set/gt/semantic/label_images/207.png;
./semantic_drone_dataset/training_set/images/208.jpg;./semantic_drone_dataset/training_set/gt/semantic/label_images/208.png;
./semantic_drone_dataset/training_set/images/209.jpg;./semantic_drone_dataset/training_set/gt/semantic/label_images/209.png;
./semantic_drone_dataset/training_set/images/213.jpg;./semantic_drone_dataset/training_set/gt/semantic/label_images/213.png;
./semantic_drone_dataset/training_set/images/214.jpg;./semantic_drone_dataset/training_set/gt/semantic/label_images/214.png;
./semantic_drone_dataset/training_set/images/215.jpg;./semantic_drone_dataset/training_set/gt/semantic/label_images/215.png;
./semantic_drone_dataset/training_set/images/216.jpg;./semantic_drone_dataset/training_set/gt/semantic/label_images/216.png;
./semantic_drone_dataset/training_set/images/217.jpg;./semantic_drone_dataset/training_set/gt/semantic/label_images/217.png;
./semantic_drone_dataset/training_set/images/219.jpg;./semantic_drone_dataset/training_set/gt/semantic/label_images/219.png;
./semantic_drone_dataset/training_set/images/220.jpg;./semantic_drone_dataset/training_set/gt/semantic/label_images/220.png;
./semantic_drone_dataset/training_set/images/221.jpg;./semantic_drone_dataset/training_set/gt/semantic/label_images/221.png;
./semantic_drone_dataset/training_set/images/222.jpg;./semantic_drone_dataset/training_set/gt/semantic/label_images/222.png;
./semantic_drone_dataset/training_set/images/223.jpg;./semantic_drone_dataset/training_set/gt/semantic/label_images/223.png;
./semantic_drone_dataset/training_set/images/225.jpg;./semantic_drone_dataset/training_set/gt/semantic/label_images/225.png;
./semantic_drone_dataset/training_set/images/226.jpg;./semantic_drone_dataset/training_set/gt/semantic/label_images/226.png;
./semantic_drone_dataset/training_set/images/228.jpg;./semantic_drone_dataset/training_set/gt/semantic/label_images/228.png;
./semantic_drone_dataset/training_set/images/229.jpg;./semantic_drone_dataset/training_set/gt/semantic/label_images/229.png;
./semantic_drone_dataset/training_set/images/230.jpg;./semantic_drone_dataset/training_set/gt/semantic/label_images/230.png;
./semantic_drone_dataset/training_set/images/232.jpg;./semantic_drone_dataset/training_set/gt/semantic/label_images/232.png;
./semantic_drone_dataset/training_set/images/233.jpg;./semantic_drone_dataset/training_set/gt/semantic/label_images/233.png;
./semantic_drone_dataset/training_set/images/234.jpg;./semantic_drone_dataset/training_set/gt/semantic/label_images/234.png;
./semantic_drone_dataset/training_set/images/235.jpg;./semantic_drone_dataset/training_set/gt/semantic/label_images/235.png;
./semantic_drone_dataset/training_set/images/236.jpg;./semantic_drone_dataset/training_set/gt/semantic/label_images/236.png;
./semantic_drone_dataset/training_set/images/237.jpg;./semantic_drone_dataset/training_set/gt/semantic/label_images/237.png;
./semantic_drone_dataset/training_set/images/238.jpg;./semantic_drone_dataset/training_set/gt/semantic/label_images/238.png;
./semantic_drone_dataset/training_set/images/239.jpg;./semantic_drone_dataset/training_set/gt/semantic/label_images/239.png;
./semantic_drone_dataset/training_set/images/240.jpg;./semantic_drone_dataset/training_set/gt/semantic/label_images/240.png;
./semantic_drone_dataset/training_set/images/243.jpg;./semantic_drone_dataset/training_set/gt/semantic/label_images/243.png;
./semantic_drone_dataset/training_set/images/244.jpg;./semantic_drone_dataset/training_set/gt/semantic/label_images/244.png;
./semantic_drone_dataset/training_set/images/246.jpg;./semantic_drone_dataset/training_set/gt/semantic/label_images/246.png;
./semantic_drone_dataset/training_set/images/248.jpg;./semantic_drone_dataset/training_set/gt/semantic/label_images/248.png;
./semantic_drone_dataset/training_set/images/250.jpg;./semantic_drone_dataset/training_set/gt/semantic/label_images/250.png;
./semantic_drone_dataset/training_set/images/251.jpg;./semantic_drone_dataset/training_set/gt/semantic/label_images/251.png;
./semantic_drone_dataset/training_set/images/252.jpg;./semantic_drone_dataset/training_set/gt/semantic/label_images/252.png;
./semantic_drone_dataset/training_set/images/255.jpg;./semantic_drone_dataset/training_set/gt/semantic/label_images/255.png;
./semantic_drone_dataset/training_set/images/257.jpg;./semantic_drone_dataset/training_set/gt/semantic/label_images/257.png;
./semantic_drone_dataset/training_set/images/258.jpg;./semantic_drone_dataset/training_set/gt/semantic/label_images/258.png;
./semantic_drone_dataset/training_set/images/259.jpg;./semantic_drone_dataset/training_set/gt/semantic/label_images/259.png;
./semantic_drone_dataset/training_set/images/260.jpg;./semantic_drone_dataset/training_set/gt/semantic/label_images/260.png;
./semantic_drone_dataset/training_set/images/261.jpg;./semantic_drone_dataset/training_set/gt/semantic/label_images/261.png;
./semantic_drone_dataset/training_set/images/262.jpg;./semantic_drone_dataset/training_set/gt/semantic/label_images/262.png;
./semantic_drone_dataset/training_set/images/263.jpg;./semantic_drone_dataset/training_set/gt/semantic/label_images/263.png;
./semantic_drone_dataset/training_set/images/265.jpg;./semantic_drone_dataset/training_set/gt/semantic/label_images/265.png;
./semantic_drone_dataset/training_set/images/266.jpg;./semantic_drone_dataset/training_set/gt/semantic/label_images/266.png;
./semantic_drone_dataset/training_set/images/271.jpg;./semantic_drone_dataset/training_set/gt/semantic/label_images/271.png;
./semantic_drone_dataset/training_set/images/272.jpg;./semantic_drone_dataset/training_set/gt/semantic/label_images/272.png;
./semantic_drone_dataset/training_set/images/273.jpg;./semantic_drone_dataset/training_set/gt/semantic/label_images/273.png;
./semantic_drone_dataset/training_set/images/275.jpg;./semantic_drone_dataset/training_set/gt/semantic/label_images/275.png;
./semantic_drone_dataset/training_set/images/276.jpg;./semantic_drone_dataset/training_set/gt/semantic/label_images/276.png;
./semantic_drone_dataset/training_set/images/277.jpg;./semantic_drone_dataset/training_set/gt/semantic/label_images/277.png;
./semantic_drone_dataset/training_set/images/281.jpg;./semantic_drone_dataset/training_set/gt/semantic/label_images/281.png;
./semantic_drone_dataset/training_set/images/283.jpg;./semantic_drone_dataset/training_set/gt/semantic/label_images/283.png;
./semantic_drone_dataset/training_set/images/287.jpg;./semantic_drone_dataset/training_set/gt/semantic/label_images/287.png;
./semantic_drone_dataset/training_set/images/288.jpg;./semantic_drone_dataset/training_set/gt/semantic/label_images/288.png;
./semantic_drone_dataset/training_set/images/289.jpg;./semantic_drone_dataset/training_set/gt/semantic/label_images/289.png;
./semantic_drone_dataset/training_set/images/290.jpg;./semantic_drone_dataset/training_set/gt/semantic/label_images/290.png;
./semantic_drone_dataset/training_set/images/292.jpg;./semantic_drone_dataset/training_set/gt/semantic/label_images/292.png;
./semantic_drone_dataset/training_set/images/294.jpg;./semantic_drone_dataset/training_set/gt/semantic/label_images/294.png;
./semantic_drone_dataset/training_set/images/295.jpg;./semantic_drone_dataset/training_set/gt/semantic/label_images/295.png;
./semantic_drone_dataset/training_set/images/296.jpg;./semantic_drone_dataset/training_set/gt/semantic/label_images/296.png;
./semantic_drone_dataset/training_set/images/298.jpg;./semantic_drone_dataset/training_set/gt/semantic/label_images/298.png;
./semantic_drone_dataset/training_set/images/299.jpg;./semantic_drone_dataset/training_set/gt/semantic/label_images/299.png;
./semantic_drone_dataset/training_set/images/301.jpg;./semantic_drone_dataset/training_set/gt/semantic/label_images/301.png;
./semantic_drone_dataset/training_set/images/302.jpg;./semantic_drone_dataset/training_set/gt/semantic/label_images/302.png;
./semantic_drone_dataset/training_set/images/303.jpg;./semantic_drone_dataset/training_set/gt/semantic/label_images/303.png;
./semantic_drone_dataset/training_set/images/304.jpg;./semantic_drone_dataset/training_set/gt/semantic/label_images/304.png;
./semantic_drone_dataset/training_set/images/305.jpg;./semantic_drone_dataset/training_set/gt/semantic/label_images/305.png;
./semantic_drone_dataset/training_set/images/306.jpg;./semantic_drone_dataset/training_set/gt/semantic/label_images/306.png;
./semantic_drone_dataset/training_set/images/309.jpg;./semantic_drone_dataset/training_set/gt/semantic/label_images/309.png;
./semantic_drone_dataset/training_set/images/310.jpg;./semantic_drone_dataset/training_set/gt/semantic/label_images/310.png;
./semantic_drone_dataset/training_set/images/311.jpg;./semantic_drone_dataset/training_set/gt/semantic/label_images/311.png;
./semantic_drone_dataset/training_set/images/312.jpg;./semantic_drone_dataset/training_set/gt/semantic/label_images/312.png;
./semantic_drone_dataset/training_set/images/313.jpg;./semantic_drone_dataset/training_set/gt/semantic/label_images/313.png;
./semantic_drone_dataset/training_set/images/314.jpg;./semantic_drone_dataset/training_set/gt/semantic/label_images/314.png;
./semantic_drone_dataset/training_set/images/316.jpg;./semantic_drone_dataset/training_set/gt/semantic/label_images/316.png;
./semantic_drone_dataset/training_set/images/318.jpg;./semantic_drone_dataset/training_set/gt/semantic/label_images/318.png;
./semantic_drone_dataset/training_set/images/320.jpg;./semantic_drone_dataset/training_set/gt/semantic/label_images/320.png;
./semantic_drone_dataset/training_set/images/321.jpg;./semantic_drone_dataset/training_set/gt/semantic/label_images/321.png;
./semantic_drone_dataset/training_set/images/322.jpg;./semantic_drone_dataset/training_set/gt/semantic/label_images/322.png;
./semantic_drone_dataset/training_set/images/323.jpg;./semantic_drone_dataset/training_set/gt/semantic/label_images/323.png;
./semantic_drone_dataset/training_set/images/324.jpg;./semantic_drone_dataset/training_set/gt/semantic/label_images/324.png;
./semantic_drone_dataset/training_set/images/325.jpg;./semantic_drone_dataset/training_set/gt/semantic/label_images/325.png;
./semantic_drone_dataset/training_set/images/326.jpg;./semantic_drone_dataset/training_set/gt/semantic/label_images/326.png;
./semantic_drone_dataset/training_set/images/329.jpg;./semantic_drone_dataset/training_set/gt/semantic/label_images/329.png;
./semantic_drone_dataset/training_set/images/330.jpg;./semantic_drone_dataset/training_set/gt/semantic/label_images/330.png;
./semantic_drone_dataset/training_set/images/331.jpg;./semantic_drone_dataset/training_set/gt/semantic/label_images/331.png;
./semantic_drone_dataset/training_set/images/332.jpg;./semantic_drone_dataset/training_set/gt/semantic/label_images/332.png;
./semantic_drone_dataset/training_set/images/334.jpg;./semantic_drone_dataset/training_set/gt/semantic/label_images/334.png;
./semantic_drone_dataset/training_set/images/335.jpg;./semantic_drone_dataset/training_set/gt/semantic/label_images/335.png;
./semantic_drone_dataset/training_set/images/338.jpg;./semantic_drone_dataset/training_set/gt/semantic/label_images/338.png;
./semantic_drone_dataset/training_set/images/339.jpg;./semantic_drone_dataset/training_set/gt/semantic/label_images/339.png;
./semantic_drone_dataset/training_set/images/341.jpg;./semantic_drone_dataset/training_set/gt/semantic/label_images/341.png;
./semantic_drone_dataset/training_set/images/342.jpg;./semantic_drone_dataset/training_set/gt/semantic/label_images/342.png;
./semantic_drone_dataset/training_set/images/344.jpg;./semantic_drone_dataset/training_set/gt/semantic/label_images/344.png;
./semantic_drone_dataset/training_set/images/345.jpg;./semantic_drone_dataset/training_set/gt/semantic/label_images/345.png;
./semantic_drone_dataset/training_set/images/346.jpg;./semantic_drone_dataset/training_set/gt/semantic/label_images/346.png;
./semantic_drone_dataset/training_set/images/347.jpg;./semantic_drone_dataset/training_set/gt/semantic/label_images/347.png;
./semantic_drone_dataset/training_set/images/348.jpg;./semantic_drone_dataset/training_set/gt/semantic/label_images/348.png;
./semantic_drone_dataset/training_set/images/349.jpg;./semantic_drone_dataset/training_set/gt/semantic/label_images/349.png;
./semantic_drone_dataset/training_set/images/351.jpg;./semantic_drone_dataset/training_set/gt/semantic/label_images/351.png;
./semantic_drone_dataset/training_set/images/355.jpg;./semantic_drone_dataset/training_set/gt/semantic/label_images/355.png;
./semantic_drone_dataset/training_set/images/356.jpg;./semantic_drone_dataset/training_set/gt/semantic/label_images/356.png;
./semantic_drone_dataset/training_set/images/361.jpg;./semantic_drone_dataset/training_set/gt/semantic/label_images/361.png;
./semantic_drone_dataset/training_set/images/363.jpg;./semantic_drone_dataset/training_set/gt/semantic/label_images/363.png;
./semantic_drone_dataset/training_set/images/366.jpg;./semantic_drone_dataset/training_set/gt/semantic/label_images/366.png;
./semantic_drone_dataset/training_set/images/367.jpg;./semantic_drone_dataset/training_set/gt/semantic/label_images/367.png;
./semantic_drone_dataset/training_set/images/372.jpg;./semantic_drone_dataset/training_set/gt/semantic/label_images/372.png;
./semantic_drone_dataset/training_set/images/373.jpg;./semantic_drone_dataset/training_set/gt/semantic/label_images/373.png;
./semantic_drone_dataset/training_set/images/375.jpg;./semantic_drone_dataset/training_set/gt/semantic/label_images/375.png;
./semantic_drone_dataset/training_set/images/376.jpg;./semantic_drone_dataset/training_set/gt/semantic/label_images/376.png;
./semantic_drone_dataset/training_set/images/378.jpg;./semantic_drone_dataset/training_set/gt/semantic/label_images/378.png;
./semantic_drone_dataset/training_set/images/380.jpg;./semantic_drone_dataset/training_set/gt/semantic/label_images/380.png;
./semantic_drone_dataset/training_set/images/381.jpg;./semantic_drone_dataset/training_set/gt/semantic/label_images/381.png;
./semantic_drone_dataset/training_set/images/382.jpg;./semantic_drone_dataset/training_set/gt/semantic/label_images/382.png;
./semantic_drone_dataset/training_set/images/383.jpg;./semantic_drone_dataset/training_set/gt/semantic/label_images/383.png;
./semantic_drone_dataset/training_set/images/385.jpg;./semantic_drone_dataset/training_set/gt/semantic/label_images/385.png;
./semantic_drone_dataset/training_set/images/386.jpg;./semantic_drone_dataset/training_set/gt/semantic/label_images/386.png;
./semantic_drone_dataset/training_set/images/388.jpg;./semantic_drone_dataset/training_set/gt/semantic/label_images/388.png;
./semantic_drone_dataset/training_set/images/389.jpg;./semantic_drone_dataset/training_set/gt/semantic/label_images/389.png;
./semantic_drone_dataset/training_set/images/390.jpg;./semantic_drone_dataset/training_set/gt/semantic/label_images/390.png;
./semantic_drone_dataset/training_set/images/391.jpg;./semantic_drone_dataset/training_set/gt/semantic/label_images/391.png;
./semantic_drone_dataset/training_set/images/393.jpg;./semantic_drone_dataset/training_set/gt/semantic/label_images/393.png;
./semantic_drone_dataset/training_set/images/397.jpg;./semantic_drone_dataset/training_set/gt/semantic/label_images/397.png;
./semantic_drone_dataset/training_set/images/398.jpg;./semantic_drone_dataset/training_set/gt/semantic/label_images/398.png;
./semantic_drone_dataset/training_set/images/403.jpg;./semantic_drone_dataset/training_set/gt/semantic/label_images/403.png;
./semantic_drone_dataset/training_set/images/406.jpg;./semantic_drone_dataset/training_set/gt/semantic/label_images/406.png;
./semantic_drone_dataset/training_set/images/408.jpg;./semantic_drone_dataset/training_set/gt/semantic/label_images/408.png;
./semantic_drone_dataset/training_set/images/409.jpg;./semantic_drone_dataset/training_set/gt/semantic/label_images/409.png;
./semantic_drone_dataset/training_set/images/410.jpg;./semantic_drone_dataset/training_set/gt/semantic/label_images/410.png;
./semantic_drone_dataset/training_set/images/411.jpg;./semantic_drone_dataset/training_set/gt/semantic/label_images/411.png;
./semantic_drone_dataset/training_set/images/412.jpg;./semantic_drone_dataset/training_set/gt/semantic/label_images/412.png;
./semantic_drone_dataset/training_set/images/413.jpg;./semantic_drone_dataset/training_set/gt/semantic/label_images/413.png;
./semantic_drone_dataset/training_set/images/414.jpg;./semantic_drone_dataset/training_set/gt/semantic/label_images/414.png;
./semantic_drone_dataset/training_set/images/416.jpg;./semantic_drone_dataset/training_set/gt/semantic/label_images/416.png;
./semantic_drone_dataset/training_set/images/419.jpg;./semantic_drone_dataset/training_set/gt/semantic/label_images/419.png;
./semantic_drone_dataset/training_set/images/420.jpg;./semantic_drone_dataset/training_set/gt/semantic/label_images/420.png;
./semantic_drone_dataset/training_set/images/421.jpg;./semantic_drone_dataset/training_set/gt/semantic/label_images/421.png;
./semantic_drone_dataset/training_set/images/423.jpg;./semantic_drone_dataset/training_set/gt/semantic/label_images/423.png;
./semantic_drone_dataset/training_set/images/424.jpg;./semantic_drone_dataset/training_set/gt/semantic/label_images/424.png;
./semantic_drone_dataset/training_set/images/425.jpg;./semantic_drone_dataset/training_set/gt/semantic/label_images/425.png;
./semantic_drone_dataset/training_set/images/426.jpg;./semantic_drone_dataset/training_set/gt/semantic/label_images/426.png;
./semantic_drone_dataset/training_set/images/427.jpg;./semantic_drone_dataset/training_set/gt/semantic/label_images/427.png;
./semantic_drone_dataset/training_set/images/428.jpg;./semantic_drone_dataset/training_set/gt/semantic/label_images/428.png;
./semantic_drone_dataset/training_set/images/429.jpg;./semantic_drone_dataset/training_set/gt/semantic/label_images/429.png;
./semantic_drone_dataset/training_set/images/430.jpg;./semantic_drone_dataset/training_set/gt/semantic/label_images/430.png;
./semantic_drone_dataset/training_set/images/431.jpg;./semantic_drone_dataset/training_set/gt/semantic/label_images/431.png;
./semantic_drone_dataset/training_set/images/433.jpg;./semantic_drone_dataset/training_set/gt/semantic/label_images/433.png;
./semantic_drone_dataset/training_set/images/434.jpg;./semantic_drone_dataset/training_set/gt/semantic/label_images/434.png;
./semantic_drone_dataset/training_set/images/435.jpg;./semantic_drone_dataset/training_set/gt/semantic/label_images/435.png;
./semantic_drone_dataset/training_set/images/437.jpg;./semantic_drone_dataset/training_set/gt/semantic/label_images/437.png;
./semantic_drone_dataset/training_set/images/438.jpg;./semantic_drone_dataset/training_set/gt/semantic/label_images/438.png;
./semantic_drone_dataset/training_set/images/439.jpg;./semantic_drone_dataset/training_set/gt/semantic/label_images/439.png;
./semantic_drone_dataset/training_set/images/440.jpg;./semantic_drone_dataset/training_set/gt/semantic/label_images/440.png;
./semantic_drone_dataset/training_set/images/442.jpg;./semantic_drone_dataset/training_set/gt/semantic/label_images/442.png;
./semantic_drone_dataset/training_set/images/443.jpg;./semantic_drone_dataset/training_set/gt/semantic/label_images/443.png;
./semantic_drone_dataset/training_set/images/444.jpg;./semantic_drone_dataset/training_set/gt/semantic/label_images/444.png;
./semantic_drone_dataset/training_set/images/445.jpg;./semantic_drone_dataset/training_set/gt/semantic/label_images/445.png;
./semantic_drone_dataset/training_set/images/446.jpg;./semantic_drone_dataset/training_set/gt/semantic/label_images/446.png;
./semantic_drone_dataset/training_set/images/447.jpg;./semantic_drone_dataset/training_set/gt/semantic/label_images/447.png;
./semantic_drone_dataset/training_set/images/451.jpg;./semantic_drone_dataset/training_set/gt/semantic/label_images/451.png;
./semantic_drone_dataset/training_set/images/452.jpg;./semantic_drone_dataset/training_set/gt/semantic/label_images/452.png;
./semantic_drone_dataset/training_set/images/454.jpg;./semantic_drone_dataset/training_set/gt/semantic/label_images/454.png;
./semantic_drone_dataset/training_set/images/455.jpg;./semantic_drone_dataset/training_set/gt/semantic/label_images/455.png;
./semantic_drone_dataset/training_set/images/457.jpg;./semantic_drone_dataset/training_set/gt/semantic/label_images/457.png;
./semantic_drone_dataset/training_set/images/458.jpg;./semantic_drone_dataset/training_set/gt/semantic/label_images/458.png;
./semantic_drone_dataset/training_set/images/460.jpg;./semantic_drone_dataset/training_set/gt/semantic/label_images/460.png;
./semantic_drone_dataset/training_set/images/461.jpg;./semantic_drone_dataset/training_set/gt/semantic/label_images/461.png;
./semantic_drone_dataset/training_set/images/462.jpg;./semantic_drone_dataset/training_set/gt/semantic/label_images/462.png;
./semantic_drone_dataset/training_set/images/463.jpg;./semantic_drone_dataset/training_set/gt/semantic/label_images/463.png;
./semantic_drone_dataset/training_set/images/464.jpg;./semantic_drone_dataset/training_set/gt/semantic/label_images/464.png;
./semantic_drone_dataset/training_set/images/465.jpg;./semantic_drone_dataset/training_set/gt/semantic/label_images/465.png;
./semantic_drone_dataset/training_set/images/467.jpg;./semantic_drone_dataset/training_set/gt/semantic/label_images/467.png;
./semantic_drone_dataset/training_set/images/470.jpg;./semantic_drone_dataset/training_set/gt/semantic/label_images/470.png;
./semantic_drone_dataset/training_set/images/472.jpg;./semantic_drone_dataset/training_set/gt/semantic/label_images/472.png;
./semantic_drone_dataset/training_set/images/473.jpg;./semantic_drone_dataset/training_set/gt/semantic/label_images/473.png;
./semantic_drone_dataset/training_set/images/474.jpg;./semantic_drone_dataset/training_set/gt/semantic/label_images/474.png;
./semantic_drone_dataset/training_set/images/475.jpg;./semantic_drone_dataset/training_set/gt/semantic/label_images/475.png;
./semantic_drone_dataset/training_set/images/476.jpg;./semantic_drone_dataset/training_set/gt/semantic/label_images/476.png;
./semantic_drone_dataset/training_set/images/478.jpg;./semantic_drone_dataset/training_set/gt/semantic/label_images/478.png;
./semantic_drone_dataset/training_set/images/479.jpg;./semantic_drone_dataset/training_set/gt/semantic/label_images/479.png;
./semantic_drone_dataset/training_set/images/480.jpg;./semantic_drone_dataset/training_set/gt/semantic/label_images/480.png;
./semantic_drone_dataset/training_set/images/484.jpg;./semantic_drone_dataset/training_set/gt/semantic/label_images/484.png;
./semantic_drone_dataset/training_set/images/485.jpg;./semantic_drone_dataset/training_set/gt/semantic/label_images/485.png;
./semantic_drone_dataset/training_set/images/488.jpg;./semantic_drone_dataset/training_set/gt/semantic/label_images/488.png;
./semantic_drone_dataset/training_set/images/489.jpg;./semantic_drone_dataset/training_set/gt/semantic/label_images/489.png;
./semantic_drone_dataset/training_set/images/491.jpg;./semantic_drone_dataset/training_set/gt/semantic/label_images/491.png;
./semantic_drone_dataset/training_set/images/493.jpg;./semantic_drone_dataset/training_set/gt/semantic/label_images/493.png;
./semantic_drone_dataset/training_set/images/494.jpg;./semantic_drone_dataset/training_set/gt/semantic/label_images/494.png;
./semantic_drone_dataset/training_set/images/497.jpg;./semantic_drone_dataset/training_set/gt/semantic/label_images/497.png;
./semantic_drone_dataset/training_set/images/498.jpg;./semantic_drone_dataset/training_set/gt/semantic/label_images/498.png;
./semantic_drone_dataset/training_set/images/499.jpg;./semantic_drone_dataset/training_set/gt/semantic/label_images/499.png;
./semantic_drone_dataset/training_set/images/500.jpg;./semantic_drone_dataset/training_set/gt/semantic/label_images/500.png;
./semantic_drone_dataset/training_set/images/501.jpg;./semantic_drone_dataset/training_set/gt/semantic/label_images/501.png;
./semantic_drone_dataset/training_set/images/502.jpg;./semantic_drone_dataset/training_set/gt/semantic/label_images/502.png;
./semantic_drone_dataset/training_set/images/507.jpg;./semantic_drone_dataset/training_set/gt/semantic/label_images/507.png;
./semantic_drone_dataset/training_set/images/508.jpg;./semantic_drone_dataset/training_set/gt/semantic/label_images/508.png;
./semantic_drone_dataset/training_set/images/509.jpg;./semantic_drone_dataset/training_set/gt/semantic/label_images/509.png;
./semantic_drone_dataset/training_set/images/510.jpg;./semantic_drone_dataset/training_set/gt/semantic/label_images/510.png;
./semantic_drone_dataset/training_set/images/512.jpg;./semantic_drone_dataset/training_set/gt/semantic/label_images/512.png;
./semantic_drone_dataset/training_set/images/513.jpg;./semantic_drone_dataset/training_set/gt/semantic/label_images/513.png;
./semantic_drone_dataset/training_set/images/514.jpg;./semantic_drone_dataset/training_set/gt/semantic/label_images/514.png;
./semantic_drone_dataset/training_set/images/515.jpg;./semantic_drone_dataset/training_set/gt/semantic/label_images/515.png;
./semantic_drone_dataset/training_set/images/517.jpg;./semantic_drone_dataset/training_set/gt/semantic/label_images/517.png;
./semantic_drone_dataset/training_set/images/518.jpg;./semantic_drone_dataset/training_set/gt/semantic/label_images/518.png;
./semantic_drone_dataset/training_set/images/521.jpg;./semantic_drone_dataset/training_set/gt/semantic/label_images/521.png;
./semantic_drone_dataset/training_set/images/524.jpg;./semantic_drone_dataset/training_set/gt/semantic/label_images/524.png;
./semantic_drone_dataset/training_set/images/525.jpg;./semantic_drone_dataset/training_set/gt/semantic/label_images/525.png;
./semantic_drone_dataset/training_set/images/526.jpg;./semantic_drone_dataset/training_set/gt/semantic/label_images/526.png;
./semantic_drone_dataset/training_set/images/529.jpg;./semantic_drone_dataset/training_set/gt/semantic/label_images/529.png;
./semantic_drone_dataset/training_set/images/530.jpg;./semantic_drone_dataset/training_set/gt/semantic/label_images/530.png;
./semantic_drone_dataset/training_set/images/531.jpg;./semantic_drone_dataset/training_set/gt/semantic/label_images/531.png;
./semantic_drone_dataset/training_set/images/532.jpg;./semantic_drone_dataset/training_set/gt/semantic/label_images/532.png;
./semantic_drone_dataset/training_set/images/533.jpg;./semantic_drone_dataset/training_set/gt/semantic/label_images/533.png;
./semantic_drone_dataset/training_set/images/535.jpg;./semantic_drone_dataset/training_set/gt/semantic/label_images/535.png;
./semantic_drone_dataset/training_set/images/536.jpg;./semantic_drone_dataset/training_set/gt/semantic/label_images/536.png;
./semantic_drone_dataset/training_set/images/537.jpg;./semantic_drone_dataset/training_set/gt/semantic/label_images/537.png;
./semantic_drone_dataset/training_set/images/538.jpg;./semantic_drone_dataset/training_set/gt/semantic/label_images/538.png;
./semantic_drone_dataset/training_set/images/540.jpg;./semantic_drone_dataset/training_set/gt/semantic/label_images/540.png;
./semantic_drone_dataset/training_set/images/543.jpg;./semantic_drone_dataset/training_set/gt/semantic/label_images/543.png;
./semantic_drone_dataset/training_set/images/544.jpg;./semantic_drone_dataset/training_set/gt/semantic/label_images/544.png;
./semantic_drone_dataset/training_set/images/545.jpg;./semantic_drone_dataset/training_set/gt/semantic/label_images/545.png;
./semantic_drone_dataset/training_set/images/549.jpg;./semantic_drone_dataset/training_set/gt/semantic/label_images/549.png;
./semantic_drone_dataset/training_set/images/551.jpg;./semantic_drone_dataset/training_set/gt/semantic/label_images/551.png;
./semantic_drone_dataset/training_set/images/554.jpg;./semantic_drone_dataset/training_set/gt/semantic/label_images/554.png;
./semantic_drone_dataset/training_set/images/556.jpg;./semantic_drone_dataset/training_set/gt/semantic/label_images/556.png;
./semantic_drone_dataset/training_set/images/558.jpg;./semantic_drone_dataset/training_set/gt/semantic/label_images/558.png;
./semantic_drone_dataset/training_set/images/559.jpg;./semantic_drone_dataset/training_set/gt/semantic/label_images/559.png;
./semantic_drone_dataset/training_set/images/560.jpg;./semantic_drone_dataset/training_set/gt/semantic/label_images/560.png;
./semantic_drone_dataset/training_set/images/561.jpg;./semantic_drone_dataset/training_set/gt/semantic/label_images/561.png;
./semantic_drone_dataset/training_set/images/563.jpg;./semantic_drone_dataset/training_set/gt/semantic/label_images/563.png;
./semantic_drone_dataset/training_set/images/564.jpg;./semantic_drone_dataset/training_set/gt/semantic/label_images/564.png;
./semantic_drone_dataset/training_set/images/565.jpg;./semantic_drone_dataset/training_set/gt/semantic/label_images/565.png;
./semantic_drone_dataset/training_set/images/566.jpg;./semantic_drone_dataset/training_set/gt/semantic/label_images/566.png;
./semantic_drone_dataset/training_set/images/567.jpg;./semantic_drone_dataset/training_set/gt/semantic/label_images/567.png;
./semantic_drone_dataset/training_set/images/568.jpg;./semantic_drone_dataset/training_set/gt/semantic/label_images/568.png;
./semantic_drone_dataset/training_set/images/569.jpg;./semantic_drone_dataset/training_set/gt/semantic/label_images/569.png;
./semantic_drone_dataset/training_set/images/570.jpg;./semantic_drone_dataset/training_set/gt/semantic/label_images/570.png;
./semantic_drone_dataset/training_set/images/572.jpg;./semantic_drone_dataset/training_set/gt/semantic/label_images/572.png;
./semantic_drone_dataset/training_set/images/573.jpg;./semantic_drone_dataset/training_set/gt/semantic/label_images/573.png;
./semantic_drone_dataset/training_set/images/574.jpg;./semantic_drone_dataset/training_set/gt/semantic/label_images/574.png;
./semantic_drone_dataset/training_set/images/576.jpg;./semantic_drone_dataset/training_set/gt/semantic/label_images/576.png;
./semantic_drone_dataset/training_set/images/579.jpg;./semantic_drone_dataset/training_set/gt/semantic/label_images/579.png;
./semantic_drone_dataset/training_set/images/580.jpg;./semantic_drone_dataset/training_set/gt/semantic/label_images/580.png;
./semantic_drone_dataset/training_set/images/582.jpg;./semantic_drone_dataset/training_set/gt/semantic/label_images/582.png;
./semantic_drone_dataset/training_set/images/583.jpg;./semantic_drone_dataset/training_set/gt/semantic/label_images/583.png;
./semantic_drone_dataset/training_set/images/584.jpg;./semantic_drone_dataset/training_set/gt/semantic/label_images/584.png;
./semantic_drone_dataset/training_set/images/585.jpg;./semantic_drone_dataset/training_set/gt/semantic/label_images/585.png;
./semantic_drone_dataset/training_set/images/586.jpg;./semantic_drone_dataset/training_set/gt/semantic/label_images/586.png;
./semantic_drone_dataset/training_set/images/587.jpg;./semantic_drone_dataset/training_set/gt/semantic/label_images/587.png;
./semantic_drone_dataset/training_set/images/588.jpg;./semantic_drone_dataset/training_set/gt/semantic/label_images/588.png;
./semantic_drone_dataset/training_set/images/590.jpg;./semantic_drone_dataset/training_set/gt/semantic/label_images/590.png;
./semantic_drone_dataset/training_set/images/591.jpg;./semantic_drone_dataset/training_set/gt/semantic/label_images/591.png;
./semantic_drone_dataset/training_set/images/592.jpg;./semantic_drone_dataset/training_set/gt/semantic/label_images/592.png;
./semantic_drone_dataset/training_set/images/593.jpg;./semantic_drone_dataset/training_set/gt/semantic/label_images/593.png;
./semantic_drone_dataset/training_set/images/594.jpg;./semantic_drone_dataset/training_set/gt/semantic/label_images/594.png;
./semantic_drone_dataset/training_set/images/596.jpg;./semantic_drone_dataset/training_set/gt/semantic/label_images/596.png;
./semantic_drone_dataset/training_set/images/598.jpg;./semantic_drone_dataset/training_set/gt/semantic/label_images/598.png;
